Rank,Name,Filter,Price,Market Cap,FDV,Ecosystem,Exchange
26,Fetch.ai FET,AI,$0.99,$2.49 B,$2.6 B,,"Binance, Coinbase, OKX, HTX, Bitget, Bybit, KuCoin, Kraken, Bitstamp, Bitfinex, MEXC, Crypto.com, Gate.io, Uniswap, Osmosis, OpenOcean, Deepcoin, LATOKEN, LBank, BingX, BitMart, WhiteBIT, Phemex, AscendEX, Toolbit, Coinone, Bitrue, Poloniex, Tokocrypto, Bitvavo, FameEX, CoinEx, HitBTC, BTSE"
36,Render RENDER,AI,$4.91,$1.92 B,$2.61 B,"Ethereum, Polygon, Solana","Binance, Coinbase, OKX, HTX, Bitget, Bybit, Upbit, KuCoin, Kraken, Bitstamp, MEXC, Gate.io, Uniswap, Raydium, Orca, Jupiter, Deepcoin, LATOKEN, LBank, BitMart, AscendEX, Coinone, Poloniex, Bitkub, Bitbank, Tokocrypto, Bitvavo, HashKeyExchange, FameEX, CoinEx"
40,Bittensor TAO,AI,$246.71,$1.76 B,$5.18 B,,
156,Aethir ATH,AI,$0.06,$262.61 M,$2.66 B,,
204,io.net IO,AI,$1.78,$168.92 M,$1.45 B,Solana,"CoinEx, BTSE"
236,Nosana CI NOS,AI,$1.68,$140.51 M,$216.77 M,,
260,Metars Genesis MRS,AI,$1.39,$117.27 M,$1.39 B,,
288,iExec RLC,AI,$1.41,$102.36 M,$123.04 M,,
291,Oraichain ORAI,AI,$6.22,$101.34 M,$112.93 M,,
299,NetMind.AI NMT,AI,$2.59,$98.67 M,$386.4 M,,
322,Numerai NMR,AI,$11.84,$86.7 M,$130.34 M,,"Bitget, Bybit, Upbit, KuCoin, Kraken, MEXC, LATOKEN, LBank, BingX, BitMart"
338,Node AI GPU,AI,$0.83,$80.81 M,$85.29 M,,
347,Phala Network PHA,AI,$0.11,$78.8 M,$105.39 M,,
383,ChainGPT CGPT,AI,$0.13,$66.32 M,$130.85 M,,
384,Solidus Ai Tech AITECH,AI,$0.09,$66.18 M,$183.77 M,,
394,Phoenix PHB,AI,$1.21,$61.95 M,$78.02 M,BNB Chain,"HTX, Bitget, Bybit, KuCoin, MEXC"
400,Spectral SPEC,AI,$5.78,$60.85 M,$586.59 M,Base,"Crypto.com, Gate.io, BingX"
424,Alethea AI ALI,AI,$0.01,$55.57 M,$91.26 M,,
439,Humans.ai HEART,AI,$0.01,$51.62 M,$72.47 M,,
473,Autonolas OLAS,AI,$1,$44.72 M,$559.09 M,"Ethereum, Polygon, Solana, Gnosis Chain","Orca, Jupiter, CoinEx"
495,Virtual Protocol VIRTUAL,AI,$0.04,$41.85 M,$43.16 M,,
496,Virtuals Protocol VIRTUAL,AI,$0.04,$41.85 M,$43.09 M,,
504,Dynex DNX,AI,$0.42,$39.28 M,$40.93 M,,
525,Cortex CTXC,AI,$0.16,$36.2 M,$52.02 M,,
581,VAIOT VAI,AI,$0.09,$29.01 M,$34.5 M,,
599,Tau AGRS,AI,$1.48,$26.6 M,$59.8 M,,
615,Clore.AI CLORE,AI,$0.06,$25.1 M,$24.93 M,,
627,BottoDAO BOTTO,AI,$0.54,$23.34 M,$62.3 M,,
669,Zero1 DEAI,AI,$0.22,$20.06 M,$219.99 M,,
672,AIT Protocol AIT,AI,$0.09,$19.99 M,$27.66 M,,
737,HyperGPT HGPT,AI,$0.03,$15.27 M,$28.39 M,,
787,DeepBrainChain DBC,AI,$0.00,$12.56 M,$23.13 M,,
798,QnA3.AI GPT,AI,$0.08,$12.09 M,$86.12 M,,
799,nuco.cloud NCDT,AI,$0.36,$11.99 M,$19.09 M,,
826,enqAI ENQAI,AI,$0.01,$10.91 M,$10.71 M,,
839,Synesis One SNS,AI,$0.02,$10.51 M,$21.79 M,,
854,Altered State Machine ASTO,AI,$0.01,$9.85 M,$29.12 M,,
870,Openfabric AI OFN,AI,$0.15,$9.31 M,$73.54 M,,
894,Dojo Protocol DOAI,AI,$0.02,$8.27 M,$17.47 M,,
897,imgnAI IMGNAI,AI,$0.01,$8.16 M,$10.52 M,,
975,AQTIS AQTIS,AI,$0.00,$6.06 M,$8.73 M,,
979,Nuklai NAI,AI,$0.00,$6.01 M,$44.16 M,,
991,Port3 PORT3,AI,$0.04,$5.77 M,$46.47 M,,
1004,Arbius AIUS,AI,$36.36,$5.5 M,$34.33 M,,
1011,GT Protocol GTAI,AI,$0.61,$5.25 M,$47.68 M,,
1012,EMC EMC,AI,$0.10,$5.17 M,$102.77 M,,
1053,VoluMint VMINT,AI,$0.01,$4.34 M,$7.25 M,,
1091,LayerAI LAI,AI,$0.01,$3.74 M,$36.06 M,,
1194,Raven Protocol RAVEN,AI,$0.00,$2.43 M,$6.36 M,,
1207,Octavia VIA,AI,$0.07,$2.27 M,$6.84 M,,
1224,Effect Network EFX,AI,$0.01,$2.1 M,$6.8 M,,
1366,Fame AI FMC,AI,$0.00,$1.1 M,$5.09 M,,
1409,Acria.AI ACRIA,AI,$0.01,$870.78 K,$1.1 M,,
1452,EpiK Protocol AIEPK,AI,$0.00,$683.09 K,$2.57 M,,
1497,YOUR Protocol YOURAI,AI,$0.01,$554.73 K,$12.55 M,,
1623,Napoleon X NPX,AI,$0.01,$236.25 K,$277.94 K,,
1733,TonGPU TGPU,AI,$0.00,$96.36 K,$1.15 M,,
--,SingularityNET AGIX,AI,$0.48,--,$964.18 M,"Ethereum, Cardano","Gate.io, Uniswap, LBank, AscendEX, Coinone, Poloniex"
--,Morpheus MOR,AI,$15.76,--,$662.09 M,"Arbitrum, (soon)","Uniswap, CoinEx"
--,NFPrompt NFP,AI,$0.23,--,$233.69 M,"BNB Chain, opBNB","Binance, HTX, Bitget, KuCoin, MEXC, Gate.io, XT.COM, LBank, BingX, BitMart, WhiteBIT, Phemex, Bitrue, Bitvavo, CoinEx"
--,BasedAI BASEDAI,AI,$3,--,$107.43 M,,"Uniswap, OpenOcean, Poloniex"
--,Masa MASA,AI,$0.05,--,$73.44 M,"Ethereum, Polygon, BNB Chain, Avalanche, Base, Celo, Injective","HTX, Bitget, Bybit, KuCoin, MEXC, Gate.io, BingX, BitMart, Phemex, Coinone, Bitrue, Coinlist, Bilaxy, CoinEx, BTSE"
--,PrivateAI PGPT,AI,$0.53,--,$52.78 M,,Bitget
--,Aperture Finance APTR,AI,$0.05,--,$50.74 M,"Ethereum, Polygon, BNB Chain, Avalanche, Arbitrum, Optimism, Base, Scroll, Manta","Bybit, Gate.io, Uniswap, BingX, BitMart, CoinEx"
--,HorusLayer HRX,AI,$1.12,--,$43.94 M,BNB Chain,
--,GenomeFi GENO,AI,$0.04,--,$40.36 M,Polygon,MEXC
--,AI Arena NRN,AI,$0.04,--,$36.29 M,,"Bybit, KuCoin, MEXC, Crypto.com, Gate.io, CoinEx"
--,NeuroWeb.AI NEURO,AI,$0.05,--,$33.56 M,Polkadot,"MEXC, Gate.io"
--,NIM Network NIM,AI,$0.03,--,$27.49 M,Dymension,"HTX, MEXC, Poloniex"
--,AstraAI ASTRA,AI,$1.27,--,$12.67 M,,
--,Laika AI LKI,AI,$0.01,--,$11.68 M,,"KuCoin, MEXC, Gate.io"
--,Multiverse AI,AI,$0.00,--,$6.67 M,,KuCoin
--,GURU Network GURU,AI,$0.01,--,$6.23 M,,"MEXC, Uniswap, BitMart, CoinEx"
--,Hypertensor TENSOR,AI,$7.28,--,$5.95 M,,
--,Balance AI BAI,AI,$1.90,--,$5.89 M,,
--,infraX INFRA,AI,$4.89,--,$5.05 M,Ethereum,
--,Orchai OCH,AI,$0.25,--,$5.02 M,,"MEXC, Uniswap"
--,CodeXchain CDX,AI,$0.00,--,$4.21 M,,MEXC
--,Optopia OPAI,AI,$0.00,--,$4.04 M,Ethereum,"KuCoin, MEXC, Gate.io, BingX, CoinEx"
--,VectorChat CHAT,AI,$0.03,--,$3.42 M,Ethereum,Uniswap
--,GPTVerse GPTV,AI,$0.00,--,$2.69 M,BNB Chain,"Bitget, MEXC, Toolbit"
--,Nettensor NAO,AI,$0.03,--,$2.34 M,,"Bitget, MEXC, XT.COM, BingX, Poloniex"
--,Mar3.AI MAR3,AI,$0.00,--,$2.05 M,,"MEXC, Gate.io"
--,UpRock UPT,AI,$0.02,--,$1.64 M,,"Orca, Jupiter"
--,Matrix MAN,AI,$0.00,--,$1.05 M,,
--,Lanify.ai LAN,AI,$0.01,--,$784.37 K,Ethereum,"MEXC, Uniswap"
--,MegaPixAI MPIX,AI,$0.00,--,$595.15 K,Solana,"Raydium, Jupiter"
--,Komputai KAI,AI,$0.07,--,$466.67 K,Ethereum,Bilaxy
--,DecentraMind DMIND,AI,$0.01,--,$126.7 K,Ethereum,
--,NodeSynapse NS,AI,$0.00,--,$83.64 K,,
--,Sensor Protocol SENSOR,AI,$0.00,--,$56.99 K,Ethereum,
--,YURI AI YURI,AI,$0.00,--,$41.81 K,"Arbitrum, (soon)",MEXC
--,Tao Accounting System TAS,AI,$0.01,--,--,Bittensor,
55,Notcoin NOT,Game,$0.01,$1.15 B,$1.15 B,,
75,Axie Infinity AXS,Game,$4.99,$741.61 M,$1.34 B,,
86,Gala GALA,Game,$0.02,$624.7 M,$662.7 M,,
139,Echelon PRIME,Game,$6.70,$297.83 M,$769.51 M,,
177,Illuvium ILV,Game,$49.03,$220.18 M,$407.75 M,,
214,Rollbit RLB,Game,$0.06,$160.87 M,$160.87 M,,
241,Yield Guild Games YGG,Game,$0.36,$134.3 M,$360.15 M,,
268,Pixels PIXEL,Game,$0.14,$110.41 M,$716 M,,
281,Delysium AGI,Game,$0.13,$103.99 M,$404.32 M,,
306,Zentry ZENT,Game,$0.02,$96.41 M,$167.66 M,,
315,Fusionist ACE,Game,$2.65,$89.58 M,$390.53 M,,
325,My Neighbor Alice ALICE,Game,$0.93,$85.91 M,$91.99 M,,
330,Mines of Dalarnia DAR,Game,$0.14,$83.06 M,$110.54 M,,
342,Wilder World WILD,Game,$0.29,$79.96 M,$148.37 M,,
344,Big Time BIGTIME,Game,$0.08,$79.53 M,$391.02 M,,
346,Sleepless AI AI,Game,$0.38,$79.35 M,$384.19 M,,
366,Gods Unchained GODS,Game,$0.23,$71.96 M,$118.12 M,,
376,Portal PORTAL,Game,$0.28,$67.78 M,$279.73 M,,
391,Vulcan Forged PYR,Game,$2.65,$63.29 M,$134.31 M,"Ethereum, Polygon",
433,Nakamoto Games NAKA,Game,$0.82,$53.13 M,$158.87 M,,
441,RACA RACA,Game,$0.00,$50.89 M,$69.15 M,,
460,Pirate Nation PIRATE,Game,$0.22,$47.81 M,$214.87 M,,
460,Aavegotchi GHST,Game,$0.93,$47.43 M,$49.83 M,,
464,My Pet Hooligan KARRAT,Game,$0.45,$48.27 M,$451 M,,"Coinbase, KuCoin, MEXC, Crypto.com, Gate.io, Uniswap, OpenOcean, XT.COM, BingX, CoinEx"
475,MOBOX MBOX,Game,$0.16,$44.44 M,$81.69 M,,
485,Heroes of Mavia MAVIA,Game,$1.37,$43.05 M,$370.51 M,,
501,Alien Worlds TLM,Game,$0.01,$41.22 M,$60.81 M,,
517,zkRace ZERC,Game,$0.11,$37.19 M,$37.19 M,,
523,Ultiverse ULTI,Game,$0.02,$37.81 M,$223.75 M,,"OKX, Bitget, Bybit, KuCoin, MEXC, Gate.io, XT.COM, LBank, BitMart, Phemex, AscendEX, Bitrue, CoinEx"
530,Sanko GameCorp DMT,Game,$58.60,$35.99 M,$61.53 M,,
534,Guild of Guardians GOG,Game,$0.06,$34.4 M,$53.31 M,,
543,FUNToken FUN,Game,$0.00,$33.3 M,$34.54 M,Ethereum,"LATOKEN, BitMart, Bitrue, HitBTC, BTSE"
550,Miracle Play MPT,Game,$0.06,$32.3 M,$39.16 M,,
552,Matr1x FIRE,Game,$0.92,$32.09 M,$160.71 M,,
562,SHRAPNEL SHRAP,Game,$0.05,$30.78 M,$146.08 M,,
586,Zuki Moba ZUKI,Game,$0.82,$30.05 M,$81.63 M,"Polygon, BNB Chain",
597,SIDUS HEROES SIDUS,Game,$0.00,$27.07 M,$53.76 M,,
607,Apeiron APRS,Game,$0.25,$25.93 M,$246.53 M,,
610,Star Atlas ATLAS,Game,$0.00,$25.51 M,$57.6 M,,
636,Voxie Tactics VOXEL,Game,$0.12,$22.44 M,$36.36 M,,
647,Ancient8 A8,Game,$0.11,$21.58 M,$114.42 M,,
658,MON Protocol MON,Game,$0.18,$20.71 M,$179.73 M,,
660,Azuro AZUR,Game,$0.12,$19.26 M,$119.06 M,"Polygon, BNB Chain, Gnosis Chain, Linea, (soon)","MEXC, Gate.io, Uniswap, CoinEx"
681,Gamer Arena GAU,Game,$0.07,$19.4 M,$36.48 M,,
686,Nine Chronicles WNCG,Game,$0.05,$19 M,$52.53 M,,
687,Aurory AURY,Game,$0.31,$19.03 M,$30.77 M,,
689,Planet Mojo MOJO,Game,$0.03,$18.93 M,$25.46 M,,
690,HYTOPIA TOPIA,Game,$0.02,$18.94 M,$100.4 M,,
695,Decentral Games DG,Game,$0.02,$18.68 M,$18.67 M,,
708,Games for a Living GFAL,Game,$0.01,$17.81 M,$120.42 M,,
714,League of Kingdoms LOKA,Game,$0.15,$17.33 M,$31.76 M,,
745,Shuffle SHFL,Game,$0.20,$14.84 M,$202.6 M,,
777,UFO Gaming UFO,Game,$0.00,$13.46 M,$13.52 M,,
778,Katana Inu KATA,Game,$0.00,$13.37 M,$25.19 M,,
790,Sipher SIPHER,Game,$0.13,$12.39 M,$16.38 M,,
810,QORPO World QORPO,Game,$0.16,$11.66 M,$125.37 M,,
821,BADMAD ROBOTS METAL,Game,$0.02,$11.24 M,$49.28 M,,
824,Farcana FAR,Game,$0.01,$11.08 M,$70.75 M,,
848,Nyan Heroes NYAN,Game,$0.10,$9.92 M,$98.17 M,Solana,"HTX, Bitget, Bybit, MEXC, Crypto.com, Gate.io, Jupiter, XT.COM, BitMart, CoinEx"
850,Elixir Games ELIX,Game,$0.05,$10.05 M,$70.78 M,,
882,Cross The Ages CTA,Game,$0.12,$8.78 M,$61.51 M,,
908,Blocklords LRDS,Game,$1.01,$7.8 M,$102.58 M,,
912,Artyfact ARTY,Game,$0.40,$7.71 M,$10.13 M,,
936,MetaTrace TRC,Game,$0.02,$6.9 M,$102.78 M,,
937,Genopets GENE,Game,$0.13,$7.07 M,$13.3 M,,
954,Block Brawlers BRAWL,Game,$0.01,$6.42 M,$6.42 M,,
970,Blockchain Brawlers BRWL,Game,$0.01,$6.15 M,$6.71 M,,
971,Realms.World LORDS,Game,$0.04,$6.1 M,$21.58 M,,
982,Creo Engine CREO,Game,$0.02,$5.93 M,$16.59 M,,
995,Netvrk NTVRK,Game,$0.07,$5.66 M,$6.51 M,,
1003,GensoKishi Online MV,Game,$0.02,$5.51 M,$6.79 M,,
1007,YOM YOM,Game,$0.04,$5.34 M,$12.81 M,,
1009,Affyn FYN,Game,$0.01,$5.32 M,$15 M,,
1010,Dark Frontiers DARK,Game,$0.03,$5.27 M,$6.55 M,,
1013,REVV Motorsport REVV,Game,$0.01,$5.19 M,$17.53 M,,
1014,OrbCity ORB,Game,$0.02,$5.13 M,$18.26 M,,
1019,DeFi Land DFL,Game,$0.00,$4.95 M,$7.09 M,,
1038,TopGoal GOAL,Game,$0.02,$4.62 M,$17.01 M,,
1047,GameSwift GSWIFT,Game,$0.08,$4.49 M,$118.41 M,,
1057,UNKJD MBS,Game,$0.01,$4.32 M,$6.54 M,,
1059,SENATE SENATE,Game,$0.04,$4.28 M,$7.67 M,,
1065,MagicCraft MCRT,Game,$0.00,$4.18 M,$6.79 M,,
1071,SpaceCatch CATCH,Game,$0.37,$4.08 M,$37.06 M,,
1076,BlockGames BLOCK,Game,$0.05,$3.94 M,$47.28 M,,
1080,Shiryo SHIRYO,Game,$0.00,$3.91 M,$5.29 M,,
1107,KAP Games KAP,Game,$0.03,$3.5 M,$27.83 M,,
1121,Rainicorn RAINI,Game,$0.01,$3.3 M,$3.39 M,,
1150,Fiefdom FIEF,Game,$0.00,$2.94 M,$8.62 M,"Ethereum, Arbitrum",
1159,Crypto Unicorns / Laguna Games RBW,Game,$0.01,$2.79 M,$11.22 M,,
1160,Mars4 MARS4,Game,$0.00,$2.76 M,$2.99 M,,
1162,DOGAM?? DOGA,Game,$0.00,$2.76 M,$5.13 M,,
1165,Dope Wars PAPER,Game,$0.00,$2.74 M,$4.68 M,,
1176,Splinterlands SPS,Game,$0.01,$2.61 M,$7.11 M,,
1179,ROCO Finance ROCO,Game,$0.07,$2.59 M,$7.2 M,,
1180,Veloce VEXT,Game,$0.01,$2.57 M,$4.28 M,,
1194,Space Falcon FCON,Game,$0.00,$2.42 M,$2.75 M,,
1208,My DeFi Pet DPET,Game,$0.04,$2.25 M,$4.69 M,,
1210,Forgotten Playland FP,Game,$0.00,$2.25 M,$41.22 M,,
1215,ChainGuardians CGG,Game,$0.02,$2.21 M,$2.4 M,,
1226,Wam WAM,Game,$0.00,$2.1 M,$3.45 M,,
1227,Bullieverse $BULL,Game,$0.00,$2.08 M,$3.04 M,,
1232,CropBytes CBX,Game,$0.01,$2.09 M,$4.44 M,,
1237,Meta Apes PEEL,Game,$0.01,$2.03 M,$2.94 M,,
1238,Pegaxy PGX,Game,$0.00,$2 M,$4.75 M,,
1244,SinVerse SIN,Game,$0.00,$1.97 M,$3.47 M,,
1245,Cryowar CWAR,Game,$0.01,$1.95 M,$7.14 M,,
1257,Titanium22 TI,Game,$0.00,$1.86 M,$3.32 M,,
1268,Gold Fever NGL,Game,$0.04,$1.81 M,$7.83 M,,
1269,BetSwirl BETS,Game,$0.00,$1.81 M,$3.27 M,,
1274,Aether Games AEG,Game,$0.02,$1.74 M,$22.34 M,,
1276,Metalcore MCG,Game,$0.00,$1.72 M,$13.31 M,,
1279,Nada Protocol NADA,Game,$0.00,$1.69 M,--,,
1283,Walken WLKN,Game,$0.00,$1.63 M,$4.64 M,,
1293,MixMob MXM,Game,$0.01,$1.58 M,$11.69 M,,
1296,LandRocker LRT,Game,$0.00,$1.56 M,$27.51 M,,
1298,X World Games XWG,Game,$0.00,$1.55 M,$4.68 M,,
1300,GAIA Everworld GAIA,Game,$0.00,$1.54 M,$2.18 M,,
1326,Undead Blocks UNDEAD,Game,$0.09,$1.33 M,$44.62 M,,
1334,My Crypto Heroes MCHC,Game,$0.05,$1.26 M,$2.31 M,"Ethereum, Polygon",
1335,Handy HANDY,Game,$0.00,$1.26 M,$2.99 M,,
1337,Seascape Network CWS,Game,$0.21,$1.23 M,$2.15 M,,
1340,0xLegends TTK,Game,$0.00,$1.23 M,$1.6 M,,
1346,Ertha ERTHA,Game,$0.00,$1.2 M,$2.17 M,,
1371,Revomon REVO,Game,$0.03,$1.08 M,$1.67 M,,
1378,WEB3WAR FPS,Game,$0.05,$1.01 M,$7.53 M,,
1391,Fabwelt WELT,Game,$0.00,$973.82 K,$2.34 M,,
1393,Fear FEAR,Game,$0.05,$973.42 K,$2.62 M,,
1395,Sekuya SKYA,Game,$0.01,$946.22 K,$7.08 M,Immutable X,
1401,Heroes Chained HEC,Game,$0.02,$914.69 K,$2.27 M,,
1411,Web3Games WGT,Game,$0.00,$882.9 K,$2.08 M,,
1436,MetaDOS SECOND,Game,$0.00,$774.55 K,$7.19 M,,
1451,Arcade ARC,Game,$0.04,$701.39 K,$30.22 M,,
1455,Polychain Monsters PMON,Game,$0.12,$679.22 K,$1.86 M,,
1468,Shockwaves NEUROS,Game,$0.02,$634.13 K,$2.5 M,,
1478,Heroes of NFT HON,Game,$0.01,$604.33 K,$1.96 M,,
1480,Castle of Blackwater COBE,Game,$0.08,$597.82 K,$8.79 M,,
1490,Revolve Games RPG,Game,$0.01,$571.18 K,$951.65 K,,
1492,Blockchain Monster Hunt BCMC,Game,$0.00,$563.42 K,$2.74 M,,
1495,FaraLand FARA,Game,$0.01,$559.87 K,$1.03 M,BNB Chain,
1529,RealFevr FEVR,Game,$0.00,$435.24 K,$366.34 K,,
1530,MetaFighter MF,Game,$0.00,$434.74 K,$718.71 K,,
1531,Goons of Balatroon GOB,Game,$0.00,$433.91 K,$664.75 K,,
1532,Plant vs Undead PVU,Game,$0.00,$431.49 K,$441.71 K,,
1536,Second World Games SWIO,Game,$0.11,$416.94 K,$15.78 M,,
1537,Galaxy Fight Club GCOIN,Game,$0.01,$414.58 K,$939.45 K,,
1540,KingdomX KT,Game,$0.00,$409.4 K,$1.33 M,,
1541,Cosmic Universe MAGICK,Game,$0.01,$409.31 K,$501.11 K,,
1545,Vendetta VDT,Game,$0.03,$401.14 K,$3.22 M,,
1547,MetaSoccer MSU,Game,$0.00,$398.35 K,$1.12 M,,
1548,Monsterra MSTR,Game,$0.03,$398.18 K,$3.22 M,"BNB Chain, Avalanche, OKC",
1563,Monsta Infinite MONI,Game,$0.01,$364.92 K,$3.2 M,,
1576,CryptoBlades SKILL,Game,$0.33,$333.41 K,$386.76 K,"Polygon, BNB Chain, SKALE, Aurora, OKC, HECO",
1585,Refereum RFR,Game,$0.00,$309.41 K,$352.24 K,,
1594,Forest Knight KNIGHT,Game,$0.01,$283.22 K,$1.62 M,,
1607,Ftribe Fighters F2C,Game,$0.00,$263.72 K,$334.8 K,,
1615,OliveX DOSE,Game,$0.00,$249.09 K,$1.45 M,,
1631,Wizardia WZRD,Game,$0.00,$223.81 K,$756.92 K,,
1643,Mist MIST,Game,$0.00,$210.7 K,$4.3 M,,
1647,Metarun MRUN,Game,$0.00,$203.51 K,$675.76 K,,
1650,SPELLFIRE SPELLFIRE,Game,$0.00,$198.45 K,$340.11 K,,
1654,Crabada CRA,Game,$0.00,$192.77 K,$577.7 K,,
1660,Nitro League NITRO,Game,$0.00,$186.11 K,$1.08 M,,
1695,OVAL3 OVL3,Game,$0.00,$133.88 K,$2.01 M,,
1704,Krida Fans KRIDA,Game,$0.01,$125.08 K,$637.88 K,,
1720,Demole DMLG,Game,$0.00,$107.37 K,$172.79 K,,
1739,Zodium ZODI,Game,$0.00,$90.86 K,$252.91 K,,
1742,Superpower Squad SQUAD,Game,$0.00,$89.11 K,$155.03 K,,
1743,Soul Society HON,Game,$0.00,$87.23 K,$1.02 M,,
1745,Cryptomeda TECH,Game,$0.00,$88.13 K,$336.57 K,,
1746,Elpis Battle EBA,Game,$0.00,$87.18 K,$3.93 M,BNB Chain,
1759,The Crypto Prophecies TCP,Game,$0.00,$82.06 K,$182.31 K,,
1760,MyMasterWar MAT,Game,$0.00,$80.23 K,$314.67 K,,
1779,SolChicks CHICKS,Game,$0.00,$61.11 K,$272.72 K,,
1783,Kollect KOL,Game,$0.00,$58.82 K,$141.83 K,,
1803,DungeonSwap DND,Game,$0.01,$40.76 K,$47.17 K,,
1810,Ducky City DCM,Game,$0.00,$38.34 K,$507.71 K,,
1815,Infinity Skies ISKY,Game,$0.00,$35.04 K,$67.25 K,,
1818,TryHards TRY,Game,$0.00,$32.22 K,$828.46 K,,
1820,Rage Fan RAGE,Game,$0.00,$30.81 K,$95.84 K,,
1831,Blockchain Cuties Universe BCUG,Game,$0.04,$26.12 K,$157.85 K,"Ethereum, EOS, Tron, OKC, NEO","Gate.io, HitBTC"
1835,Lympo LMT,Game,$0.00,$24.1 K,$732.9 K,,
1843,MetaGods MGOD,Game,$0.00,$18.54 K,$605.11 K,,
1845,CryptoTycoon CTT,Game,$0.23,$17.99 K,$236.51 K,,
1848,TaleCraft CRAFT,Game,$0.00,$16.4 K,$89.87 K,,
1853,PIF Nation PIF,Game,$0.00,$11.21 K,$449.99 K,,
1854,Trident PSI,Game,$0.01,$10.59 K,$53.78 K,,
1857,Starbots BOT,Game,$0.00,$9.04 K,$86.96 K,,
1863,Imperium Empires IME,Game,$0.00,$4.5 K,$39 K,,Bitrue
1871,Nirvana VANA,Game,$0.00,$933.21,$1.24 M,Ethereum,MEXC
1872,DeathRoad DRACE,Game,$0.00,$569.79,$11.48 K,BNB Chain,
1875,Project SEED SHILL,Game,$0.00,$1,$3.15 M,"BNB Chain, Solana","Bitget, Bybit, KuCoin, MEXC, Gate.io, Raydium, Jupiter"
--,DegenReborn DEGEN,Game,$0.00,--,$6.02 B,"BNB Chain, Arbitrum","MEXC, BitMart"
--,BinaryX BNX,Game,$1.35,--,$332.7 M,BNB Chain,"Binance, Bitget, MEXC, Gate.io, XT.COM, LBank, BingX, BitMart, Phemex, Bitrue, Poloniex, Tokocrypto, Bitvavo, FameEX, CoinEx, HitBTC"
--,Mythical Games MYTH,Game,$0.25,--,$249.86 M,,"HTX, MEXC, Gate.io, Uniswap, CoinEx"
--,Highstreet HIGH,Game,$1.30,--,$129.24 M,"Ethereum, BNB Chain","Binance, Coinbase, Bitget, KuCoin, MEXC, Crypto.com, Gate.io, XT.COM, LATOKEN, LBank, BingX, BitMart, Phemex, AscendEX, Bitrue, Poloniex, Tokocrypto, Bitvavo, CoinEx, BTSE"
--,GG MetaGame GGMT,Game,$0.01,--,$107.47 M,Ethereum,"MEXC, BitMart, Bitrue"
--,Zeeverse VEE,Game,$0.00,--,$101.98 M,Ethereum,
--,Pixelverse PIXFI,Game,$0.02,--,$95.31 M,,"HTX, Bitget, Bybit, MEXC, Gate.io, XT.COM, BingX, BitMart, Poloniex, CoinEx"
--,GAM3S.GG G3,Game,$0.07,--,$68.02 M,,"Bybit, KuCoin, Gate.io, Bilaxy"
--,Aquacity AQUACITY,Game,$0.02,--,$53.76 M,,
--,My Lovely Planet MLC,Game,$0.15,--,$52.87 M,Polygon,"MEXC, Uniswap, LBank"
--,AI Arena NRN,Game,$0.04,--,$36.29 M,,"Bybit, KuCoin, MEXC, Crypto.com, Gate.io, CoinEx"
--,DeFi Kingdoms JEWEL,Game,$0.11,--,$34.68 M,"Harmony, Klaytn",
--,TRALA TRALA,Game,$0.03,--,$32.15 M,,Gate.io
--,Param Labs PARAM,Game,$0.01,--,$25.74 M,,"HTX, Bitget, Bybit, MEXC, Gate.io, Uniswap, CoinEx"
--,Engines of Fury FURY,Game,$0.20,--,$24.01 M,,"HTX, Bitget, KuCoin, MEXC, Gate.io, BingX, BitMart, Bitrue"
--,SENSO SENSO,Game,$0.03,--,$22.68 M,"Polygon, (soon)","KuCoin, MEXC, Gate.io, LATOKEN, LBank, Poloniex"
--,AVACOIN AVACN,Game,$0.00,--,$22.11 M,TON,Bitget
--,Ethlas ELS,Game,$0.06,--,$21.47 M,Polygon,"Gate.io, CoinEx"
--,ZED RUN ZED,Game,$0.02,--,$16.7 M,Polygon,"HTX, Crypto.com, CoinEx"
--,Monopoly Millionaire Game MMC,Game,$0.01,--,$13.97 M,BNB Chain,Bybit
--,BovineVerse BVT,Game,$0.01,--,$13.37 M,Polygon,"MEXC, Gate.io, LBank"
--,Medieval Empires MEE,Game,$0.01,--,$12.2 M,"Polygon, (soon)","Bybit, MEXC, QuickSwap, BingX"
--,Bitcoin Cats 1CAT,Game,$0.00,--,$12.15 M,"Bitcoin, Ethereum","HTX, Bitget, KuCoin, MEXC, Gate.io, XT.COM, LATOKEN, BingX, BitMart, Bitrue, BIGONE, Bilaxy, CoinEx, BTSE"
--,Cradles CRDS,Game,$0.04,--,$12.03 M,Arbitrum,Bybit
--,Thetan Arena THG,Game,$0.03,--,$11.76 M,BNB Chain,"OKX, MEXC, Gate.io, BingX, BitMart, CoinEx"
--,EthXY SEXY,Game,$0.17,--,$10.84 M,Base,"MEXC, Bilaxy"
--,Capverse CAP,Game,$0.05,--,$10.09 M,,MEXC
--,Icon.X World ICNX,Game,$0.09,--,$9.93 M,Polygon,MEXC
--,Outlanders LAND,Game,$0.00,--,$9.87 M,BNB Chain,"MEXC, Gate.io"
--,Domi Online DOMI,Game,$0.01,--,$9.58 M,"Ethereum, BNB Chain, Avalanche","Gate.io, Uniswap, BingX"
--,Klaydice DICE,Game,$0.01,--,$9.23 M,Klaytn,"Bybit, MEXC"
--,Storm Warfare JAN,Game,$0.01,--,$7.98 M,Ethereum,"Bitget, MEXC"
--,AOFverse AFG,Game,$0.01,--,$7.77 M,,"Bybit, KuCoin"
--,Miner Arena MINAR,Game,$0.03,--,$6.46 M,BNB Chain,"MEXC, BitMart"
--,Dubbz DUBBZ,Game,$0.64,--,$6.39 M,Ethereum,
--,NexGami NEXG,Game,$0.00,--,$6.23 M,,"HTX, Bitget, KuCoin, Gate.io, XT.COM, BingX, BTSE"
--,BitBrawl BRAWL,Game,$0.00,--,$6.17 M,Solana,"Bybit, KuCoin, MEXC, Gate.io"
--,StarSharks SSS,Game,$0.05,--,$6.12 M,BNB Chain,
--,Brave Frontier Heroes BPC,Game,$0.01,--,$5.75 M,Ethereum,MEXC
--,Virtue Poker VPP,Game,$0.01,--,$5.05 M,Ethereum,MEXC
--,REALY REAL,Game,$0.04,--,$3.88 M,Solana,
--,UFORIKA FORA,Game,$0.00,--,$3.66 M,Polygon,"MEXC, Gate.io"
--,Mechachain MECHA,Game,$0.03,--,$3.41 M,Polygon,
--,Tiny World TINC,Game,$0.00,--,$3.2 M,"BNB Chain, ZkSync",
--,Gameta HIP,Game,$0.00,--,$2.74 M,BNB Chain,"KuCoin, Gate.io"
--,SOUNI SON,Game,$0.00,--,$2.69 M,BNB Chain,"Bybit, KuCoin, MEXC"
--,BAC Games BACGAMES,Game,$0.01,--,$2.67 M,Blast,Gate.io
--,Super Sushi Samurai SSS,Game,$0.00,--,$2.48 M,Blast,
--,Meta Merge MMM,Game,$0.00,--,$2.48 M,"BNB Chain, Linea, (testnet)","KuCoin, MEXC"
--,Rebase IRL,Game,$1.59,--,$2.43 M,Solana,
--,Sunflower Land SFL,Game,$0.05,--,$2.4 M,Polygon,QuickSwap
--,SpaceY 2025 SPAY,Game,$0.08,--,$2.2 M,"Ethereum, BNB Chain",Gate.io
--,KGeN INDI,Game,$0.00,--,$2.18 M,Polygon,"Gate.io, LATOKEN, CoinEx"
--,Bajun Network BAJU,Game,$0.04,--,$1.91 M,Kusama,"MEXC, Gate.io"
--,AGG AGG,Game,$0.00,--,$1.6 M,Ethereum,"MEXC, Gate.io"
--,Synergy Land SNG,Game,$0.02,--,$1.6 M,Polygon,QuickSwap
--,MetaPioneers MPI,Game,$0.00,--,$1.6 M,BNB Chain,Gate.io
--,Stella Fantasy / Ring Games SFTY,Game,$0.00,--,$1.52 M,BNB Chain,Gate.io
--,R Games RGAME,Game,$0.00,--,$1.49 M,"BNB Chain, Solana","MEXC, Gate.io, Raydium, BingX, BitMart"
--,xPET xPET,Game,$0.08,--,$1.46 M,Arbitrum,"HTX, Bitget, MEXC, Gate.io, XT.COM, BingX, BitMart, FameEX, CoinEx"
--,Mytheria MYRA,Game,$0.01,--,$1.45 M,BNB Chain,Gate.io
--,MetaDerby DBY,Game,$0.00,--,$1.41 M,Avalanche,
--,AgeOfGods AOG,Game,$0.00,--,$1.34 M,BNB Chain,"KuCoin, Gate.io, XT.COM, Bitrue, Coinstore"
--,Aspo World ASPO,Game,$0.00,--,$1.01 M,BNB Chain,
--,Battle of Guardians BGS,Game,$0.00,--,$999.46 K,BNB Chain,Orca
--,Codyfight CTOK,Game,$0.01,--,$944.41 K,Ethereum,Gate.io
--,Arker ARKER,Game,$0.00,--,$927.65 K,,"KuCoin, MEXC"
--,Kingdom Karnage KKT,Game,$0.00,--,$853.09 K,BNB Chain,
--,Abyss World AWT,Game,$0.00,--,$796.81 K,"Polygon, Sui","MEXC, Gate.io, XT.COM"
--,Trex20 TX20,Game,$0.01,--,$788.36 K,,"MEXC, Gate.io, BingX"
--,HunnyPlay HUNNY,Game,$0.01,--,$761.44 K,"Polygon, BNB Chain, Avalanche, Fantom, Harmony, OKC",
--,10n8 Little Dragon 1ON8,Game,$0.07,--,$678.12 K,Bitcoin,"MEXC, Gate.io, BitMart"
--,The Parallel PRL,Game,$0.00,--,$671.03 K,BNB Chain,
--,Kingdomverse KING,Game,$0.00,--,$646.03 K,"Immutable X, (soon)","KuCoin, Gate.io"
--,Karmaverse KNOT,Game,$0.00,--,$644.98 K,Polygon,"Gate.io, QuickSwap"
--,Mecha Morphing MAPE,Game,$0.00,--,$619.47 K,BNB Chain,"Gate.io, LATOKEN"
--,Revoland REVO,Game,$0.00,--,$593.04 K,BNB Chain,
--,HonorWorld HWT,Game,$0.00,--,$564.04 K,Arbitrum,
--,Duel Network DUEL,Game,$0.02,--,$540.22 K,,
--,Animalia ANIM,Game,$0.00,--,$529.29 K,BNB Chain,Bitget
--,MOBLAND SYNR,Game,$0.00,--,$520.25 K,BNB Chain,
--,Nekoverse ASG,Game,$0.00,--,$482.15 K,Ethereum,Jupiter
--,XTREMEVERSE XTREME,Game,$159.03,--,$481.01 K,Ethereum,
--,RaceFi RACEFI,Game,$0.00,--,$463.18 K,"Solana, (soon)",Raydium
--,Geopoly GEO$,Game,$0.00,--,$354.46 K,Polygon,QuickSwap
--,Pomerium PMR,Game,$0.00,--,$347.2 K,BNB Chain,
--,MetaverseX METAX,Game,$0.01,--,$303.06 K,BNB Chain,Gate.io
--,Bunicorn BUNI,Game,$0.00,--,$271.71 K,BNB Chain,
--,Frutti Dino FDT,Game,$0.00,--,$259.2 K,"BNB Chain, (soon)","HTX, Gate.io"
--,Infinity Games ING,Game,$0.00,--,$259.18 K,BNB Chain,"HTX, MEXC, Gate.io"
--,AQUANEE AQDC,Game,$0.00,--,$226.74 K,BNB Chain,Gate.io
--,Space Misfits SMCW,Game,$0.00,--,$212.41 K,BNB Chain,HTX
--,DeHorizon DEVT,Game,$0.00,--,$212.29 K,,"Bybit, LATOKEN"
--,Crypto Fight Club FIGHT,Game,$0.00,--,$203.14 K,BNB Chain,
--,Wolf Game WOOL,Game,$0.00,--,$196.3 K,Ethereum,
--,Kyberdyne KBD,Game,$0.00,--,$194.81 K,BNB Chain,"MEXC, Gate.io"
--,Step Hero HERO,Game,$0.00,--,$184.43 K,"Polygon, BNB Chain",MEXC
--,VOID VOID,Game,$0.00,--,$172.87 K,"Solana, (soon)","Raydium, Jupiter"
--,Hero Arena HERA,Game,$0.00,--,$163.8 K,,Gate.io
--,PlaceWar PLACE,Game,$0.00,--,$140.17 K,BNB Chain,"Gate.io, LATOKEN"
--,Defina FINA,Game,$0.00,--,$112.48 K,BNB Chain,MEXC
--,MetaKings MTK,Game,$0.00,--,$105.91 K,,
--,Hydraverse HDV,Game,$0.00,--,$84.72 K,BNB Chain,Gate.io
--,Knight War KWS,Game,$0.00,--,$83.91 K,"Polygon, BNB Chain",Gate.io
--,Ark Rivals ARKN,Game,$0.00,--,$70.3 K,BNB Chain,HTX
--,Tap Fantasy TAP,Game,$0.00,--,$50.51 K,BNB Chain,"Bybit, Gate.io"
--,Rake RAKE,Game,$5.77,--,$46.05 K,Ethereum,MEXC
--,YURI AI YURI,Game,$0.00,--,$41.81 K,"Arbitrum, (soon)",MEXC
--,HappyLand HPL,Game,$0.00,--,$39.25 K,BNB Chain,
--,DeHero HEROES,Game,$0.00,--,$24.1 K,BNB Chain,LATOKEN
--,Paradox Metaverse PARADOX,Game,$0.00,--,$11.37 K,,HTX
--,World of Defish WOD,Game,$0.00,--,$10.34 K,BNB Chain,LATOKEN
--,SOULS OF META SOM,Game,$0.00,--,$3.38 K,,
--,Hibiki Run HUT,Game,$0.00,--,$357.64,Polygon,MEXC
--,Mechaverse MC,Game,$0.00,--,--,BNB Chain,KuCoin
--,Ordz Games ORDG,Game,$0.24,--,--,"Bitcoin, BOB",
--,Exverse EXVG,Game,$0.02,--,--,,"Bybit, MEXC, Gate.io, Bilaxy"
--,LayerX TITAN,Game,$0.35,--,--,Bitlayer,"Gate.io, XT.COM, LBank"
--,Bounty Temple TYT,Game,$0.06,--,--,Polygon,"MEXC, BingX, BitMart, AscendEX"
--,Zone of Avoidance ZOA,Game,$0.00,--,--,"BNB Chain, Algorand",
--,YOLO GAMES YOLO,Game,$0.00,--,--,Blast,
192,Mask Network MASK,Social,$1.95,$195.1 M,$195.1 M,,
334,Status SNT,Social,$0.02,$81.75 M,$143.3 M,,
346,Sleepless AI AI,Social,$0.38,$79.5 M,$384.89 M,,
350,RSS3 RSS3,Social,$0.12,$78.39 M,$123.43 M,,
355,Hooked Protocol HOOK,Social,$0.43,$76.46 M,$215.31 M,,
368,DESO DESO,Social,$8.02,$71.27 M,$86.7 M,,
372,Cyber CYBER,Social,$3.03,$70.44 M,$316.38 M,,
446,DEGEN DEGEN,Social,$0.00,$49.96 M,$141.98 M,,
540,Gifto GFT,Social,$0.03,$33.82 M,$28.08 M,,
563,Rally RLY,Social,$0.01,$30.48 M,$107.04 M,,
589,district0x DNT,Social,$0.04,$28.02 M,$37.58 M,,
631,ZTX ZTX,Social,$0.01,$22.83 M,$70.36 M,,
692,ZERO ZERO,Social,$0.01,$18.82 M,$126.12 M,,
751,Unite TAKI,Social,$0.01,$14.44 M,$38.07 M,,
784,Dmail DMAIL,Social,$0.26,$12.87 M,$56.95 M,,
835,Friend.tech FRIEND,Social,$0.11,$10.74 M,$11.21 M,,
837,Only1 LIKE,Social,$0.03,$10.65 M,$16.5 M,,
913,Passage PASG,Social,$0.01,$7.7 M,$10.31 M,,
993,SolChat CHAT,Social,$0.64,$5.76 M,$5.84 M,,
1012,Chingari GARI,Social,$0.01,$5.22 M,$10.15 M,,
1111,Revain REV,Social,$0.00,$3.49 M,$1.12 M,,
1138,Beoble BBL,Social,$0.01,$3.04 M,$14.55 M,,
1210,Forgotten Playland FP,Social,$0.00,$2.25 M,$41.22 M,,
1287,Yup YUP,Social,$0.04,$1.61 M,$3.17 M,,
1318,AsMatch ASM,Social,$0.08,$1.39 M,$7.17 M,,
1366,Fame AI FMC,Social,$0.00,$1.1 M,$5.09 M,,
1398,Collab.Land COLLAB,Social,$0.00,$928.31 K,$3.82 M,,
1413,Dechat DECHAT,Social,$0.23,$854.81 K,$5.81 M,,
1604,Petals PTS,Social,$0.00,$286.8 K,$1.61 M,,
1608,Minds MINDS,Social,$0.03,$261.37 K,$8.35 M,,
1644,Desmos Network DSM,Social,$0.00,$207.53 K,$466.37 K,,
1683,Alter ALTER,Social,$0.00,$153.04 K,$310.56 K,,
1743,Soul Society HON,Social,$0.00,$87.23 K,$1.02 M,,
--,UXLINK UXLINK,Social,$0.17,--,$161.57 M,Arbitrum,"OKX, HTX, Bitget, Bybit, KuCoin, Bitfinex, MEXC, Gate.io, XT.COM, Deepcoin, LBank, BingX, BitMart, Phemex, Poloniex, CoinEx"
--,OpenChat CHAT,Social,$0.40,--,$55.55 M,Internet Computer,
--,Avive AVIVE,Social,$0.00,--,$47.14 M,Arbitrum,"OKX, BingX, Bitrue"
--,EtherMail EMT,Social,$0.05,--,$45.24 M,Ethereum,"Bitget, MEXC, Gate.io"
--,SoulLand SLT,Social,$0.04,--,$40.09 M,BNB Chain,Bitget
--,Carrieverse CVTX,Social,$0.04,--,$36.21 M,Polygon,"Bitget, MEXC, Gate.io, XT.COM, ProBit, BingX"
--,INTO TOX,Social,$0.15,--,$25.3 M,,"HTX, MEXC, Gate.io"
--,PACMOON PAC,Social,$0.02,--,$19.13 M,Blast,CoinEx
--,Touch.Fan TFT,Social,$0.01,--,$19.04 M,ZkSync,SyncSwap
--,Friend3 F3,Social,$0.01,--,$13.16 M,"BNB Chain, opBNB","Bitget, MEXC, Gate.io, ProBit, BingX, BitMart"
--,PairedWorld $PAIRED,Social,$0.01,--,$7.91 M,Ethereum,"XT.COM, LBank"
--,EarlyFans EARLY,Social,$0.01,--,$7.76 M,Blast,"MEXC, Gate.io"
--,Solclout SCT,Social,$0.01,--,$7.58 M,Solana,MEXC
--,Pop Social PPT,Social,$0.03,--,$6 M,,"Bitget, Bybit, MEXC, Gate.io, BingX, BitMart"
--,Attila ATT,Social,$0.00,--,$5.51 M,,
--,T2T2 T2T2,Social,$0.00,--,$4.6 M,Base,Bitget
--,Suia SUIA,Social,$0.04,--,$3.75 M,Sui,"Bybit, KuCoin, Gate.io, Cetus"
--,Relation REL,Social,$0.00,--,$2.75 M,,
--,Bananatok BNA,Social,$0.00,--,$2.53 M,,MEXC
--,Socrates SOC,Social,$0.33,--,$1.96 M,"Ethereum, Polygon, BNB Chain, Arbitrum, Optimism","LBank, BingX, BitMart"
--,Winee3 WNE,Social,$0.00,--,$1.26 M,"Ethereum, BNB Chain",Gate.io
--,FaceDAO FACEDAO,Social,$0.00,--,$800.42 K,BNB Chain,HTX
--,Atem Network ATEM,Social,$0.00,--,$707.24 K,"Ethereum, BNB Chain, Scroll, (testnet)","KuCoin, Gate.io"
--,Tipcoin TIP,Social,$0.00,--,$650.39 K,,"MEXC, Gate.io, LBank, BTSE"
--,PECland PECL,Social,$0.00,--,$509.69 K,BNB Chain,
--,SappChat APP,Social,$0.00,--,$199.97 K,,
--,NftyPlay POLO,Social,$0.00,--,$73.09 K,Polygon,
--,SNKRZ FRC,Social,$0.01,--,$5.58 K,Klaytn,MEXC
--,TURNUP LFG,Social,$0.00,--,$1.29 K,Polygon,
--,Myriad Social MYRIA,Social,$0.00,--,--,"Near, Octopus Network",
--,WELL3 WELL,Social,$0.00,--,--,,"Bitget, Bybit, MEXC, Gate.io, BingX"
109,Safe Safe,Wallet,$0.94,$437.12 M,$942.56 M,"Ethereum, Polygon, BNB Chain, Avalanche, Arbitrum, Optimism, Gnosis Chain, Celo, Aurora",
126,Trust Wallet TWT,Wallet,$0.91,$379.46 M,$910.45 M,,
134,SafePal SFP,Wallet,$0.77,$355.78 M,$384.63 M,,"Binance, Bitget, Bybit, KuCoin, MEXC, Gate.io, XT.COM, LATOKEN, LBank, BingX, Phemex, AscendEX, Toolbit, Bitrue, Bitkub, Tokocrypto, Bitvavo, FameEX, CoinEx"
285,Coin98 Finance C98,Wallet,$0.12,$103.54 M,$124.5 M,,
334,Status SNT,Wallet,$0.02,$81.75 M,$143.3 M,,
426,Frontier FRONT,Wallet,$0.63,$55.08 M,$57.11 M,,
475,Bitget Wallet BWB,Wallet,$0.35,$47.27 M,$350.4 M,,"Bitget, Raydium, Jupiter"
539,MathWallet MATH,Wallet,$0.19,$33.89 M,$40.56 M,,
680,TokenPocket TPT,Wallet,$0.01,$19.5 M,$19.77 M,,
789,Ambire Wallet WALLET,Wallet,$0.02,$12.52 M,$13.41 M,,
822,Ctrl XDEFI,Wallet,$0.08,$11.23 M,$21.58 M,,
1020,Nash NEX,Wallet,$0.12,$4.92 M,$5.86 M,,
1051,Brillion DUA,Wallet,$0.02,$4.37 M,$22.27 M,,
1109,TENT TENT,Wallet,$0.09,$3.5 M,$7.61 M,,
1131,Bitcoin.com VERSE,Wallet,$0.00,$3.11 M,$32.9 M,,
1269,TokenSight TKST,Wallet,$0.04,$1.82 M,$4.26 M,,
1288,BeFi Labs BEFI,Wallet,$0.03,$1.61 M,$7.13 M,,
1379,Pillar PLR,Wallet,$0.00,$1.01 M,$3.65 M,,
1385,Nabox NABOX,Wallet,$0.00,$1 M,$5.66 M,,
1394,Cirus CIRUS,Wallet,$0.01,$959.43 K,$2.33 M,,
1424,Bitune TUNE,Wallet,$0.02,$811.9 K,$3.5 M,,
1427,SparkPoint SRK,Wallet,$0.00,$806.8 K,$953.27 K,,
1471,BlockWallet BLANK,Wallet,$0.02,$623.76 K,$2.49 M,,Bilaxy
1474,Blocto BLT,Wallet,$0.00,$612.62 K,$1.82 M,,
1761,Vidulum VDL,Wallet,$0.00,$79.77 K,$35.67 K,,
1821,Minerva Wallet MIVA,Wallet,$0.00,$30.71 K,$2.38 M,"Ethereum, Polygon, BNB Chain, Avalanche, Arbitrum, Optimism, Gnosis Chain, Celo",
--,Staika STIK,Wallet,$2.02,--,$479.93 M,,"Bitget, Gate.io, XT.COM"
--,ABBC ABBC,Wallet,$0.01,--,$53.75 M,,"HTX, Bitget, KuCoin, MEXC, Gate.io, LATOKEN"
--,Hippo Wallet HPO,Wallet,$0.01,--,$50.91 M,,"LBank, BitMart, Bitrue"
--,Ordify ORFY,Wallet,$0.10,--,$10.02 M,"Bitcoin, Ethereum, Polygon, BNB Chain, Solana, Avalanche, Arbitrum, Optimism, Base","MEXC, Gate.io"
--,Safle SAFLE,Wallet,$0.01,--,$8.8 M,,"QuickSwap, LBank"
--,Galaxy Finance GFT,Wallet,$0.01,--,$7.38 M,,
--,VaporWallet VPR,Wallet,$0.00,--,$4.18 M,,"Bybit, MEXC, Gate.io"
--,Degen Forest MOOLA,Wallet,$0.01,--,$3.28 M,,"Uniswap, XT.COM"
--,Legion Network LGX,Wallet,$0.00,--,$2.03 M,,"Bybit, Gate.io"
--,Mobius MOBI,Wallet,$0.00,--,$103.07 K,Stellar,"Gate.io, QuickSwap"
--,Azure Wallet AZURE,Wallet,$0.00,--,$76.93 K,,
